Feature,Coefficient
previous,0.10913711893700631
age,0.017338238278760604
duration,0.0037151127228142932
pdays,0.0015599429849396404
balance,2.6217218431627244e-05
campaign,-0.0913650520133276
